jqr, esp

"Buyaykiri","Verbo"
"Wasa","Caminar"
"MUJCHAT" WASATNA","Caminemos despacio"
"JiRKASA, URSHKIwA","Ya se hace tarde, vámonos ya"
"Jira","Ir"
"UPAQ QULLQAT"KASW UJTQ"KI","Él regresa ya de Colca."
"UJTQ"A","Regresar"
"¡JALLUW PURIWI!","¡Llegó la lluvia!"
"UTARKAS JALURMA","Entra a la casa ya"
"JAlURU","ENTRAR"

"Arisht'a","Diálogo"
"Tu, Karlu, ¿qawas mawta?","Carlos, ¿a dónde te fuiste?"
"Pa, Lucy, machriw mawt"a","Lucy, fui a regar"
"¿Umamwantxi?","¿Era tu turno de riego?
"Jawill, pa","Sí, pues"
"Pa, apsaq naw ch'illtriw makt"a","Mañana voy a partir la leña"
"Nawaw tukshuwi","La leña se acabó"

"Arisht'a","Conversación"
"Jawilsha, Karlu; Kant ujranh machnushunhtakiw narq atx"ir makt"a","Sí pues, Carlos; voy a limpiar la acequia para regar mi maíz kanta"
"Sha, Altu, ¿ayk yapniwta?","Aldo, ¿cuántas chacras tienes?"
"Pichqaw yapunhq sha. ¿Jumanqa?","Yo tengo cinco chacras. ¿Y cuántas tuyas?"
"Nan sujtaw yapunhq sha","Yo tengo seis chacras"

"Amruchatxi","¿Cómo estás?"
"Amruchawa","Estoy bien"
"¿Quwas shutxma?","¿Cuál es tu nombre?"
"Shutxinq Neliwa","Mi nombre es Neli"
"¿Ayk watniwtasa?","¿Cuántos años tienes?"
"Cxunka pusaq watniwt""wa","Tengo dieciocho años"
"¿Qawas makta?","¿A dónde vas?"
"Ujar imriw makt""a","Voy a sembrar maíz"
"Jilatxi","Gracias"

"jatxaya","cocinar"
"qama","lavar"
"irpa","llevar"
"apa","cargar"
"ach'qi","tostar"
"saja","tejer"
"ch'ipi","pelar"
"ch'iki","moler"

"Sha, pa amruchatxi, jaqar yatxitna","Como se dice en Jaqaru"
"ishapa","escuchar"
"jatza","llorar"
"jajnatza","bajar"
"jaychishi","pelear"
"umt'a","beber"
"p""uyu","soplar"
"wala","correr"
"ala","comprar"
"illtata","despertar"

"Amruchatxi, kuskach Jaqar yatxitna","Cómo están, aprendamos juntos Jaqaru"
"Qamishas jaqarn saktna...","Como se dice en Jaqaru..."
"naw ch'illti","cortar leña"
"pap ch'illi","pelar papa"
"laranj ch'ipi","pelar naranja"
"tunq ach'qi","tostar maíz"
"washp ima","sembrar frejol"
"jawash macha","regar habas"
"yap t""ara","arar la chacra"
"ujar jaymi","desgranar maíz"

"uta","casa"
"utnha","mi casa"
"utma","tu casa"
"utp""a","su casa"
"utsa","nuestra casa"
"kacxa","manta"
"kacxnha","mi manta"
"kacxma","tu manta"
"su manta","kacxp""a"
"kacxsa","nuestra manta"

"irpa","llevar"
"irpki","le lleva"
"irpktma","te lleva"
"irpkutu","me lleva"
"irpktima","te llevo"
"irpkt""a","le llevo"
"irpkuta","me llevas"
"irpkushta","nos llevas"
"irpkta","le llevas"
"irpktna","le llevamos"

"Tu, ña amruchatxi, jaqar yatxitna","Hola, cómo están, aprendamos Jaqaru"
"shutxintzt'a","los pronombres"
"na","yo"
"juma","tú"
"upa","él"
"upa","ella"
"jiwsa","nosotros (incluyente)"
"jiwsa","nosotras (incluyente)"
"nakuna","nosotros (incluyente)"
"nakuna","nosotras (incluyente)"
"jumkuna","ustedes"
"upkuna","ellos"
"upkuna","ellas"
"jiwskuna","nosotros"
"jiwskuna","nosotras"

"Wallmichkuna, lluqallkuna, amruchatxi, jaqar yatxma","Muchachas y muchachos, cómo están, aprendan Jaqaru"
"jaqarn satna","digamos en Jaqaru"
"na t'ant' alkt""a","yo compro pan"
"juma wakch alishkta","tú vender la oveja"
"upa ut pirqki","él construye casa"
"jiwsa qal wantktna","nosotros cargamos las piedras"
"nakuna wak awatkt""a","nosotros pastoreamos vacas"
"jumkuna narq ach'kta","ustedes limpian la acequia"

"Sha, pa, ¿amruchatxi? Jaqar yatxitna","Hola, ¿cómo estás? Aprendo Jaqaru"
"qamish sipas arpayki","como enamora a las señoritas"
"muna","querer"
"llutap"" munkima","te quiero mucho"
"k'umtxa","amar"
"k'umtxa","querer"
"k'umtxikimawa","te amo"
"k'umtxikimawa","te quiero"
"mucht'a","besar"
"mucht' munkima","quiero besarte"
"wallqurpta","abrazar"
"wallqurpt munkima","te quiero abrazar"
"irpa","llevar"
"jay irpkima","te llevo lejos"
"ut""nuqu","convivir (pareja)"
"ut""nuqu","sentarse"
"pans ut""nuqutankasa","convivamos los dos ya"

"amuru","bueno"
"amuru","buena"
"jaski","fácil"
"janq'u","blanco"
"janq'u","blanca"
"atxara","viejo"
"atxara","vieja"
"atz'iki","frío"
"ujtxitxa","pequeño"
"ujtxitxa","pequeña"
"laqa","malo"
"laqa","mala"
"yacx""i","duro"
"tz'irara","negro"
"tz'irara","negra"
"machaqa","nuevo"
"machaqa","nueva"
"juncx'u","caliente"
"ajtz'a","grande"

"ujtxitx uta","casa pequeña"
"ajtz' uta","casa grande"
"jask t""ara","arada fácil"
"yacx"" t""ara","arada dura"
"janq' wakcha","oveja blanca"
"tz'irar wakcha","oveja negra"
"atxar ishi","frazada vieja"
"machaq ishi","frazada nueva"
"atz'ik uma","agua fría"
"juncx' uma","agua caliente"
"amur qaylla","niño bueno"
"laq qaylla","niño malo"

"maya","uno"
"paja","dos"
"kimsa","tres"
"pushi","cuatro"
"pichqa","cinco"
"sujta","seis"
"qancxisi","siete"
"pusaqa","ocho"
"isquña","nueve"
"cxunka","diez"

"jira","vamos a"
"jir paliri","vamos a comer"
"jir nuriri","vamos a trabajar o hacer"
"jir jayriri","vamos a bailar"
"jir jaylltiri","vamos a jugar"
"jir qillqt'iri","vamos a leer"
"jir qamiri","vamos a lavar"
"jir wasiri","vamos a caminar o pasear"
"jir waliri","vamos a correr"
"jir illiri","vamos a mirar"

"qanqshu","amanecer"
"armanta","temprano"
"uru","día"
"urshu","hacerse tarde"
"ch'ama","oscuro, oscuridad"
"aruma","noche"
"patza","tiempo, mundo, cielo..."
"jallu","lluvia"
"juncx'u","calor"
"qasipi","hielo"
"urpi","neblina"
"junk'a","sombra"

"diez","cxunka"
"once","cxunka mayani"
"doce","cxunka paja"
"trece","cxunka kimsani"
"catorce","cxunka pushini"
"quince","cxunka pichqani"
"dieciseis","cxunka sujtani"
"diecisiete","cxunka qancxisini"
"dieciocho","cxunka pusaqani"
"diecinueve","cxunka ishquñani"
"veinte","paj cxunka"

"q'alla","desnudo"
"q'aja","quebrada"
"q'awi","erosionar"
"q'iña","turbio"
"q'iña","turbia"
"q'utxu","hombro"
"q'urawa","intestino"
"q'ullitxi","bola"
"q'ullitxi","esfera"

"k'ana","trenza"
"k'aya","ácido"
"k'aya","ácida"
"k'ichi","pellizcar"
"k'ucxi","pulga"
"k'uñu","cántaro"
"k'umtxa","querer"
"k'umtxa","amar"

"nayra","ojo"
"nasa","nariz"
"jinchu","oreja"
"shimi","boca"
"nuk'uta","cabello"
"najra","lengua"
"namp'a","cabeza"

"pajcxa","frente"
"qajlla","cara"
"shipimpi","quijada"
"kunka","cuello"
"shim tz'aka","diente"
"tz'aka (pecho)","q'utxu (hombro)"

"chajra","camilla"
"chajra","escalera"
"chaki","buscar"
"challa","salpicar"
"chaaka","puente"
"chaaki","seco; secar"
"chikata","ensartar"
"chiqa","verdad"
"chuchart'a","enfriarse"
"chujllu","mazorca de maíz"
"chujllu","choclo"

"ch'alli","romperse"
"ch'alli","reventar"
"ch'amt'a","oscurecer"
"ch'amt'a","anochecer"
"ch'ara","caballo"
"ch'ara","yegua"
"ch'iki","moler"
"ch'ishqi","rebrotar"
"ch'ulla","desigual"
"ch'unchu","florecer"
"ch'unchu","florear"
"ch'uya","limpio"
"ch'uya","limpia"
"ch'uya","puro"
"ch'uya","pura"
"ch'usu","grano menudo de maíz"

"cxaka","hondo"
"cxaka","honda"
"cxana","amarrar"
"cxanra","maíz seco a medio moler"
"cxijcxu","verruga"
"cxilcxi","ponerse grasoso"
"cxilcxi","ponerse grasosa"
"cxumishi","descascararse"
"cxunka","diez"

"cx'apa","caerse"
"cx'aqa","con pintas, de varios colores"
"cx'aqaya","azote"
"cx'aqaya","látigo"
"cx'aqshu","resecarse"
"cx'asa","sentir ardor"
"cx'iqa","izquierdo"
"cx'iqa","izquierda"
"cx'iqaya","tirar con piedra"
"cx'iqaya","disparar"
"cx'iwsi","asustarse"
"cx'uqu","romper (hilo, cuerda, soga)"

"tz'ajma","almohada"
"tz'aka","hueso"
"tz'ama","fuerza"
"tz'ama","energía"
"tz'aqa","gota"
"tz'aqa","gotear"
"tz'ina","trasero"
"tz'ina","ano"
"tz'irara","negro"
"tz'irara","negra"
"tz'iwri","ordeñar"
"tz'iwri","exprimir"
"tz'uku","coser"

"nijra","brazo"
"ampara","mano"
"shunkaypi","codo"
"sama","espalda"
"kururu","ombligo"
"wak'ak"a","cadera"

"chima","vientre"
"p""ucxaka","estómago"
"k'iptza","hígado"
"k'ipexa","hígado"
"mawruru","riñón"
"atz""a","pulmón"
"q'urawa","intestino"

"waka","vaca"
"uña","cría de la vaca"
"sitz'i","vaquillona"
"wakcha","oveja"
"wakchuña","ovejita"

"ch'ara","caballo"
"jallq'u","perro"
"michiku","perro ovejero"
"ashara","perro de raza pequeño"
"mishi","gato"

"wallpa","gallina"
"chiwchuña","pollito"
"urqu","gallo"
"kuchi","chancho"
"pipi","pavo"

"k'uytxu","cuy"
"qawra","llama"
"paqu","alpaca"
"wik'uña","vicuña"
"taraku","venado"
"yank'a","venado"

"Ña, ¿k""uw karmaq quwas illki?","Hola, ¿ese hombre que está viendo?"
"¿Aykap""kam naryimama?","¿Hasta cuándo te espero?"
"¿Jumaq qawas mawtaqa?","¿Tú a dónde te fuiste?"
"Naq qillqanh amurw yatxkt""a.","Yo aprendo bien mi lección."
"Waytaq illkirillkiriw yapunq utki.","Hay diferentes colores de flor en la chacra."
"Ñanqañ wasnaqir mawajt""a.","Fui a caminar en vano."
"Wallmichkunaq wanwanit""w kushukurqayki.","Las chicas están demasiado contentas."
"Antz jaykasw upaq maki.","Él se va ya muy lejos"

"ishk'allpi","vejiga"
"qunquru","rodilla"
"wich'u","canilla"
"kayu","pie"
"shillu","uña"
"kay tapla","planta del pie"
"kay taqli","pie plano"
"kay pampiqi","empeine"
"kay japi","pantorrilla"
"p""illiru","tobillo"

"wincxa","pañuelo rojo oscuro"
"jinchwayra","arete"
"p""itx""u","topo"
"p""itx"" chillu","trenza delgada"
"piñi","monedas de plata"
"urku","anaco"
"kutuna","prenda de color negro"
"wak'a","faja"
"qumpishi","marate"
"q'aqnushu","huaraca"
"k'ana","trenza para el cabello"
"pilluta","pompón multiples colores"
"shuki","calzado de cuero de vaca"

"¿Qamshachawktasa?","¿Cómo estás?"
"Kushukkt""wa","Estoy alegre"
"Ñakkt""wa","Estoy triste"
"P""iñkt""wa","Estoy enojado"
"P""iñkt""wa","Estoy enojada"
"Jatzkt""wa","Estoy llorando"
"Uskt""wa","Estoy enfermo"
"Shaykuskt""wa","Estoy cansado"
"Shaykuskt""wa","Estoy cansada"
"Amruwkt""wa","Estoy bien"

"Usut"" yatxitna","aprendamos de enfermedad"
"usu","enfermedad"
"atz'ik usu","gripe"
"uqu","tos"
"namp' usu","dolor de cabeza"
"shim k'ama","dolor de muela"
"shim ñaqu","diente"
"shim ñaqu","muela cariada"
"tx'utxmaya","escalofrío"
"mawllu","espinillas"
"tz'ak usu","dolor de hueso"
"tz'ak usu","osteoporosis"

"Jaqarn art'atna","Digamos en Jaqaru"
"shumañ umaq ayllptawkaswa","el té de shumaña ya está hervido"
"naq alriw mawt""a","yo fui a comprar"
"utarkasw puriwt""a","ya llegué a casa"
"¿quwas palnushtakiq utki?","¿qué hay para comer?"
"llutap"" juncx'ki","hace mucho calor"
"nurnushunhw utki","tengo que trabajar"
"utaq shumyawkiwa","la casa esta bonita"
"walanw purt""apawt""a","llegué a tiempo"
"urcxaqkaswa","ya es tarde"

"Jaqarn sanushu","Oraciones en Jaqaru"
"kakaq yapw t""arki","el tío ara la chacra"
"amninh chawchw junki","mi tía cosecha chaucha"
"chawchw","papa pequeña"
"chik qullq walarpayanha","voy a dar un paseo por colca"
"yapunkiw at""aqa","la semilla están en la chacra."
"wakanh awtiriw makt""a","voy a pastorear mi vaca"
"mayut""w wakanh umap"" umki","mi vaca bebe el agua del río"
"imatkunaq machnushtak amurkaswa","los cultivos ya están bien para regar"

"apsaq wakanhw mamanhshq awtir makt""a","mañana voy a pastorear mi vaca con mi mama"
"atquq wakchanhw palshuwata","el zorro había comido a mi oveja"
"ak lluqalluñaq ujarw mushir maki","el niñito va a cuidar el maíz"
"amninh qiqray yapuw machir maki","mi tia va a regar la chacra de kikraya"
"akishuruq tatanh jawashw ñamir maki","hoy dia mi papá va a recoger habas"
"kuntriq Chiwrinw acxamuñanh palshuwata","el condor ha comido a mi ternerita en Chiwri"
"wik'uñ wak'am wak'urma","ponte la faja hecha de vicuña"

"waralla","bonito"
"waralla","bonita"
"waralla","hermoso"
"waralla","hermosa"
"warallaw jakaqa","la vida es hermosa"
"warallaw jakaqa","la vida es bonita"
"Pawl apkaq sakna: warallaw jakaqa.","La abuela Paula decía: la vida es hermosa."
"tx'aqmaya,","tristeza (uso antiguo)"
"tx'aqmaychaw kukriq jakki.","la paloma vive triste nomas."
"paqilla","toda la noche"
"tutaq paqllaw wasawt""a.","ayer camine toda la noche"
"iki","dormir"
"Tu Apshu, ¿quwas"" q""antx""ur q""antx""ur ikkta?","Apshu, ¿por qué duermes todo el día?"

"wayta","flor"
"ch'unchu","flor"
"chujll wis wisa","mazorca mellizo"
"nap""ra","hoja"
"wiru","tallo"
"asu","raiz"

"nap""ra","hoja"
"pap wayta","flor de papa"
"wishallanq'u","baya"
"ali","tallo"
"papa","papa"
"asu","raiz"

"urq jatsachw sayptkt""a.","me levanto con el canto del gallo."
"matxir int purkipn utanh pijchshkt""a.","barro mi casa antes que salga el sol."
"armantachw uyuwkunanh ushpaykt""a.","alimento a mis animales muy temprano."
"waytkun ujarkunw machkt""a.","riego las flores y los maizales."
"wallkach mujsw k'ilir makt""a.","voy a recoger un poco de fruta de los árboles."
"wakchap""w wallmichuñaq awtir maki.","la niñita lleva a pastorear su oveja."
"naq t""ak ijrnaw jaqiwshq arishkipatx makt""a.","yo voy conversando con la gente por el camino."

"Akaq tukuwa. Jinchp"" mishna millkiriwa.","Este es el búho. Sus orejas son como del gato"
"Akaq lichuzawa. nayr qalaw illkushtu.","Esta es la lechuza. Nos mira con ojos grandes"
"Akaq qaqchuwa. mun munw chujll palki.","Este es el loro. Le encanta comer choclo."
"Akaq txuyuwa. Upaq jawashw palki.","Este es el canario. Él come habas"
"Akaq txurtxuwa. Utamr jalrupanqa, jayat"" jaqimn purmatma","Esta es la tórtola. Si entra a tu casa, personas lejanas te visitarán"
"Akaq cx""uqyawa. nanq' nurit"" ñaq' t""ajush palki.","Este es el zorzal. Come gusanos buscando dentro de la tierra"

"¿Amruchatxi?","¿Cómo estás?"
"Amruchawa, ¿qachiwta?, ¿quwas shutximqa?","Yo estoy bien, ¿quién eres?, ¿cuál es tu nombre?"
"Pajshiw shutxinhqa, ¿jumanqa?","Mi nombre es Luna, ¿y el tuyo?"
"Nán Jusiw shutxinqa.","Mi nombre es Jose"
"Jusi, ¿qawitawtasa?","Jose, ¿de dónde eres?"
"Naq Qullqat"" jaqiwt""wa, ¿jumaqa?","Yo soy de Colca, ¿y tú?"
"Naq Ayshat""a.","Yo soy de Aiza"
"¿Pajshi, Qullqtx ujtawta?","¿Luna, viniste a Colca?"
"Jawilli, Jusi.","Si, Jose"

"Ña, Alija, ¿ayk watniwta?","Aleja, ¿cuántos años tienes?"
"Ña, naq pichq cxunka pajan watniwt""wa. ¿Jumaqa?","Yo tengo cincuenta y dos años. ¿Tú?"
"Naq push cxunka pichqan watniwt""wa.","Yo tengo cuarenta y cinco años."
"Ña, Alicha, uk""amkasa.","Asi ya, Alicia."
"Jawill, ña.","Si, pues."