jqr,esp
"Jumaqill akanh tashkush jalruyma","A ustedes señores, solicito admitir la presente"
"Siwil kasarat""a siliwrnushp""t"" akta","Acta de Celebración de matrimonio civil"
"Jiwat jaqit"" akta","Acta de Defunción"
"Kasarat"" akta","Acta de Matrimonio"
"Yurit qayllat"" akta","Acta de Nacimiento"
"Atxarshut akta","Acta deteriorada"
"Silist akta","Actas celestes"
"Apyat akta","Actas emitidas"
"Jiwyat akta","Actas inutilizadas"
"Wirt akta","Actas verdes"
"apaykt""a","adjunto"
"Qillqw irt""apkt""a","Adjunto documentos"
"qayll atupta","adopciones"
"K""uwarmashn qillqt'ata","Anotaciones marginales"
"Kikip"" qillqt'anushtaki","Anotaciones textuales"
"Jumruw ak""am sal ujtkima","Ante usted con respeto me presento y expongo"
"Naq jumruw ujtkima, inchjama","Ante usted, con el debido respeto me presento en mi calidad de…."
"wata","año"
"Artikulu","Artículo"
"May ullp"" artikulu: yirit"" jaq inskriwishit""a","Artículo único: inscribir el nacimiento de la persona"
"Tinhqkatskama","Atentamente"
"Intirkulturalit"" amur nurnushu","Buena práctica intercultural"
"Rijistral akt jiwyat""a","Cancelación de actas registrales"
"kargp""a","cargo (de autoridad)"
"Kasraykir jaqi","Celebrante (de matrimonio)"
"Inkshinush uta","centro de salud"
"ujtxitxa","posta"
"Ujtxitx marka / intijin kumunirari / kampisin kumunirari","Centro Poblado / Comunidad Nativa o Campesina"
"Siwtati","Ciudad"
"Inkshinush uta - Klinika","Clínica"
"Jaq Illt'iyishnushptak Qillqa (JIQ)","Código Único de Identificación (CUI)"
"Arqat"" illt""apisna","Considerando (lo anteriormente dicho)"
"Manhqankir illt""apisna","Considerando (los puntos a continuación)"
"Kuntininti","Continente"
"Kasarkiri","Contrayente"
"Jaynu-warmi","Cónyuge"
"Sirtip""ikat kupya","Copia certificada"
"Sirtijikat kuriwa","Correo certificado"
"Jakat"" jiwkam istaristik tawma, ukat"" mayar jakpayat istatu siwili","Cuadro Estadístico de Hechos Vitales y Actos Modificatorios del Estado Civil"
"JIQ","CUI"
"jaqit""a","datos"
"Kasarkirkunat""a","Datos de los cónyuges"
"Jiwatjaqit""a","Datos del fallecido"
"Nillaps tatp""a, upaw arshki, 28720 liyi","Declaración de Presunto Progenitor, Ley 28720"
"Kunsintimintut"" juchantzk""at arshu","Declaración Jurada de Consentimiento"
"Jaqn jakkatp""t"" juchantzk""at arshu","Declaración Jurada de Existencia"
"Ish inskriwatat"" juchantzk""at arshu","Declaración Jurada de No Inscripción"
"Jaysat"" utkatp""t"" juchantzk""at arshu rijistral inskripsyunna","Declaración Jurada de Preexistencia de Inscripción Registral"
"Qaylln tatp""txashi juchantzk""at arshu","Declaración Jurada de Presunto Progenitor"
"Ujtxitx qayllsan yurit""pt""w juchantzk""at arshktna, upaq isharw inskriwaskitxi.","Declaramos bajo juramento que el nacimiento de nuestro hijo/a menor de edad no ha sido inscrito."
"Qillqt'iykiri","Declarante"
"Juchantzk""ataw arshkt""a - arshktna","Declaro(amos) bajo juramento"
"Jiwa","Defunción"
"Jiwatkuna","Defunciones"
"Tipartamintu","Departamento"
"Nimaj tipartamintu","Departamento de Lima"
"Matx munkipanw jayptayaski","Desaparición forzada"
"Uru","Día"
"Qawis utp""a","Dirección"
"Jaqt""apqat akta nurishp""a","Disponer la reposición del acta"
"tistritu","distrito"
"Mark tistritu","Distrito de Tupe"
"Tiwursyu - kasar wijchishi","Divorcio o disolución del vínculo matrimonial"
"Illt'iyshinushptak tukumintu","Documento de identidad"
"Illt'iyshinushp""tak Piku Markat"" tukumintu","Documento Nacional de identidad"
"Akanw jakki","Domiciliado"
"uta","domicilio"
"Akanw akishq jakki","Domicilio actual"
"Karma","Don"
"Warmi","Doña"
"watp""a","edad"
"Itiktu","Edicto"
"Akq upaw nurawi","Efectuada por (él, ella)"
"Qillqt'iriq chiqawa ak kupyaq urijinalp""t""qa sakiwa, istatu siwil rijistr utankiwa, ak munisipalitattna","El que suscribe certifica que la presente es copia fiel del original que se encuentra en el Archivo de la Oficina de Registros del Estado Civil de esta Municipalidad"
"Intirnitip"" apaya","E-mail (correo electrónico)"
"Mark tistrit munisipalitatna, Yawyus pruwinhsyna, Nimaj tipartamintna","En la Municipalidad de Tupe, Provincia de Yauyos, Departamento de Lima"
"Imprintn qillqt'ma","Escriba con letra imprenta"
"Istatu siwili","Estado civil"
"qillqa","expediente"
"Matxpatzna","Extemporáneos"
"Jaymarkat""a","Extranjero"
"Ñanqañ ityulujiya","Falsedad ideológica"
"uru","fecha"
"patza","fecha"
"Kasar urp""a","Fecha de celebración"
"Jiwat urp""a","Fecha de fallecimiento"
"Yurit urp""a","Fecha de nacimiento"
"Jakat"" jiwkatp""kam uru","Fecha de ocurrencia del hecho vital"
"Rijistrkipn uru","Fecha de registro"
"Shutxayt''apa","Firma"
"Qillqt'iykirn shutxayt""app""a","Firma del declarante"
"Illt'kirn shutxayt""app""a","Firma del reconocente"
"Likalisat shutxayt""apa","Firma legalizada"
"Rijistrkirn shutxayt""app""a sillp a""","Firma y sello del registrador civil"
"May p""urmatunkiwa, ishaw p""urmatpankitxi","Formato distinto al usualmente utilizado"
"Ish illt'at p""urmatu","Formato no oficial"
"Illt'at p""urmatu","Formato oficial"
"Rijistrut"" qillqt'iri nur qallyanushptaki","Habilitación del registrador civil"
"karma","hombre"
"qusura","hora"
"Uspitalna","Hospital"
"Illt'kirn wayllp""a","Huella del reconocente"
"Illt'iyishkt""a","Identificado"
"Wayllp""a","Impresión dactilar"
"Kup ampar intisi","Índice derecho"
"Inskriwa","Inscripción"
"Jaymarkn yurit qayll inskriwa, piruwat"" jaqna - 29462 liyi","Inscripción de hijo de peruano nacido en el exterior - Ley 29462"
"Ujtxitx qayllpan inskripsyuna","Inscripción de su menor hijo (a)"
"Matx patzn yurit"" qayllat"" inskriwa","Inscripción extemporánea de nacimiento"
"Mamaq «amruwa» sashuw qaylln tatp"" illt'ipanq saki","Interviene en señal de conformidad con el reconocimiento de filiación"
"Istatu siwil rijistr ut jip""i","Jefe de la Oficina de Registro del Estado Civil"
"Jutisyali","Judicial"
"Liyi","Ley"
"Nimaja","Lima"
"Qaminas yuriwi","Lugar de nacimiento"
"Qawna","Lugar de ocurrencia"
"mama","madre"
"kasara","matrimonio"
"kasarkuna","matrimonios"
"Ajtz'jaqi","Mayor de edad"
"Qaylljaqi","Menor de edad"
"qayllaw ñimkuski saki","Menor declarado en abandono"
"pajshi","mes"
"Nillaps jiwaski","Muerte presunta"
"Laq jiw aki","Muerte violenta"
"warmi","mujer"
"Munisipalitati","Municipalidad"
"Mark munisipalitati","Municipalidad de Tupe"
"Jakkir yurita","Nacido vivo"
"yuri","nacimiento"
"yuritkuna","nacimientos"
"Qawit"" jaqisa","Nacionalidad"
"Ishaw qachwir rijistru siwil utanps rijistraskitxi","No se encuentra registrado en ninguna Oficina de Registro de Estado Civil"
"Itiktup"" atxima","Notificación por edicto"
"Machaq akta, 29032 liyi (illt'anushu/tatn jutisyal arshp""a)","Nueva acta, Ley 29032 (reconocimiento/declaración judicial de paternidad)"
"Kasar jiwaya","Nulidad de matrimonio"
"Siryn numirp''a","Número de serie"
"Aktat"" illt""apata","Observación(es) del acta"
"Illisn jaqt""apnushtaki","Observaciones"
"Istatu siwil rijistr uta","Oficina de Registros de Estado Civil"
"Rijistru siwil uta","Oficina Registral"
"Rijistru siwil inknush utna","Oficina Registral Auxiliar"
"Reniec rijistr uta","Oficina Registral Reniec"
"Apsap""apsap"" nurishkatp""a","Ordinario"
"Yaqp""a","Otros"
"Tata","Padre"
"Qaylln tatp""qash mamp""txi","Padre o madre del titular menor de edad"
"Pasapurti","Pasaporte"
"Upna","Perteneciente a (él o ella)"
"Piruwat""a","Peruana"
"Akap""w juchantzk""at arshktna shutx ayt""apas ayt""apktna … utkatp""t""a","Por medio del presente declaramos bajo juramento la existencia de…"
"Uk""maqa: jumaqil akanh tashkush, liyn sakatp""jama tashkma","Por tanto le solicito admitir la presente solicitud por ser de justicia."
"Uk""mawpanqa:","Por tanto:"
"Shutxi","Prenombres"
"Awant apillitu","Primer apellido"
"Prujisyuna","Profesión"
"Pruwinhsya","Provincia"
"Yawyus pruwinhsya","Provincia de Yauyos"
"Ak rijistru siwil archiwunq jarwaqki","Que queda archivado en esta oficina"
"Upaq ….. jakki","Quien domicilia en ………"
"Upaq yurit aktanw inskriwaski. Akt nº. …..","Quien obra inscrito en el acta de nacimiento nº. ….."
"Rikunstitusyuna Qaylljaq akta, inskriwaskankaswa JIQwish aktna","Reconstitución de acta de menor cuya inscripción se hizo en un acta sin CUI"
"Rikunstitusykuna","Reconstituciones"
"Atministratiw nurqanush yurit akta","Rectificación administrativa de nacimiento"
"Amur nurqanushu","Rectificaciones"
"……… shutxp""shqaw rijistraski","Registrada a nombre de…….."
"Qillqt'amay rijistrata","Registrada en blanco"
"Rijistrut"" qillqt'iri","Registrador civil"
"Qillqt'ishp""a, yatxyishp""a, liyn sakatp""jama","Regístrese y notifíquese conforme a ley"
"Jaqarna kastillann siwil rijistru: renieciq jaqarunw qillqt'ani","Registro Civil Bilingüe: el Reniec al rescate de la lengua jaqaru"
"Rijistrut"" qillqt'irn shutxayt""ap rijistrp""a","Registro de firma del registrador civil"
"Piru Markat"" Jaq Illt'aynushtak Rijistru - Istatu Siwili","Registro Nacional de Identificación y Estado Civil"
"Tramitnushu","Regularizaciones"
"Rijistral akt jaqt""apqa","Reposición de acta registral"
"Jaqt""apqanushu - 29312 Liyi","Reposición- Ley n°. 29312"
"Liysaq sayt'kiri","Representante legal"
"Piru Marka","República del Perú"
"Rijistral risulusyuna","Resolución registral"
"(Qillqa) Pantat nurqa","Salvar"
"Upatxash tatp""a, mamp""a, uk""w arshktna.","Se declara como presunto progenitor(a) a don (ña)"
"Jaqt""apq aktat"" majchiq nurshinushp""wa","Se declara procedente la solicitud sobre reposición del acta"
"Upaq ukruw jakatawi","Se ha presentado el/la ciudadana"
"Intirisatq atximktanwa, 21 artikulu kutiku siwiln sakatp""jama","Se notifica al interesado para los efectos del artículo 21º del Código Civil"
"Ancxacx alshishkir piryutikn puwlikishp""a","Se publique en el diario de mayor circulación"
"Ak""w jaqshushki","Se resuelve"
"Yurit qayllan inskripsyunap""w majichktna","Se solicita la inscripción del nacimiento"
"Paj apillitu","Segundo apellido"
"Rijistrut"" qillqt'iykirn shutxayt""app""a","Sello del registrador"
"Juma, istatu siwil rijistr utat""a, Mark munisipalitatit""a","Señor jefe de la Oficina de Registros de Estado Civil de la Municipalidad Distrital de Tupe"
"Karmatxi – warmitxi","Sexo"
"Qillqt'iykiri","Solicitante (de un registro)"
"Majichkiri","Solicitante (solicita algo)"
"Majichi: qayllnhan illt'ap""w majichkt""a","Solicito: reconocimiento"
"Atministratiwn rijistral akt jiway majichi","Solicitud de cancelación administrativa de acta registral"
"Uru majichi","Solicitud de fecha"
"Inskriwat"" majichi","Solicitud de inscripción"
"Rijistral akt mayat""nurq majichi","Solicitud de reconstitución de acta registral"
"Rijistral akt jaqt""apq majichi","Solicitud de reposición de acta registral"
"Mayark""a","Supletorio"
"Tilip""unu","Teléfonos"
"(Qillqa) Ish amruwkatap"" qajcxqajcxara","Testar"
"Tistiku","Testigo"
"Jaqn shutxp""a (aktna)","Titular (del acta)"
"Ukp""a","Totales"
"Jamastak anqapn nurqata","Totalmente enmendada"
"Marka","Tupe"
"Qayll illkiri","Tutor o curador del titular"
"Qusp""asa","Vínculo"
"(Awantankir qillqa) Illt""apisna","Visto (los documentos anteriores)"
"Awant yurit aktat"" sirtip""ikat kupyq qillyawishchaw yaknushp""a, liyin sakatp""jama","Y expedirle gratuitamente la primera copia certificada de su acta de nacimiento, conforme lo dispone la ley"
"Jumw majichkima, ………. rijistral akt jiwayma","Y solicito tenga a bien cancelar el acta registral de……."
"Jumw majichkima, ………..rijistral akt nurqma","Y solicito tenga a bien reconstituir el acta registral de………"
"Yawyu","Yauyos"
"Kantu","Canto"
"Jaqar yatxiwtna","Aprendimos Jaqaru"
"Jaqarsq yatxiwtanwa","Nuestro Jaqaru aprendimos"
"ak markasna","en este nuestro pueblo."
"Martha Hardmanhwa yatxchiwushtu","Martha Hardman nos enseñó."
"Akishq jiwsaq qayllasw","Ahora nosotros tenemos que"
"yatxchinushu","enseñar a nuestras hijas/hijos"
"Jilatxi Martha Hardman","Gracias, Martha Hardman"
"jumaw yatxchiwushta","nos enseñaste."
"Jaqars mujsawa","Nuestro Jaqaru es dulce,"
"Apsach ujtq""amata acx","Mañana no más vas a"
"yatxnushtaki","volver para enseñar más."
"Saynhanq sayt’ki","Cuando me paro se paro"
"Wasnhanq waski.","Si camino también camina"
"Quwas uka.","¿Que cosa es eso?"
"Musma.","Adivina."
"Ukaq junhq’awa.","Esa es mi sombra."
"Amur ujtxitxawt”wa","Soy buena chiquitqa"
"Jaqkunaq illarqaykutu,","La gente me miran"
"Ish illtupanq jiwkt""wa.","Cuando no me ven, me muero."
"Ukaq intiwa.","Ese es sol."
"May lluqalluña","Un muchachito"
"Tz’iraraytz’irara","Muy negro"
"Wallqurt’ata","Con banda blanca en el cuello"
"Janchich sijcx’ki.","Destroza carne"
"Ukaq kuntriwa.","Ese es condor."
"Jall purpanqa","Cuando llega la lluvia"
"Ancx’acx’ jatzki","Canta bastante"
"Ukatq saltnaqki","Luego salta continuamente."
"K""uwar akaru","¿Que cosa es eso?"
"Quwas uka.","Adivina."
"Musma.","Piense."
"Ukaq cxuqyawa.","Eso es sorsal"
"May tz'akshut","Un escuálido"
"Ch'araw utki","Caballo existe"
"Uk""ap"" qiwja","Todo pasto"
"Palshki.","Consume."
"Ukaq jusawa.","Esa es la hoz."
"May wallmichiw utki","Hay una muchacha"
"Jayrki jayrki","Ella baila y bailando"
"japiwt’ki.","Se empreña."
"Quwas uka.","¿Que cosa es eso? "
"Musma.","Adivina."
"Ukaq qapuwa.","Esa es la rueca."
"May apak utki","Hay un vieja"
"Najraps anhqankiri","Su lengua está afuera"
"Chanhqpanqa","Cuando golpea"
"Jaqkuna ujtarqayki.","La gente viene."
"Kampnawa.","Esa es Campana."
"May wallmichuña","Una chiquita"
"Janhq’uyjanhq’u","Muy muy blanca"
"Ujtki ujtki","Se viene y viene"
"Jatz jatzarki.","Derrama lágrimas."
"Ukaq rikisunhawa.","Ese es requezón."
"May lluqalluñaq","Un muchachito"
"Janhq’uyjanhq’u","Muy blanco"
"Jatzkipatx tukshki.","Se acaba llorando."
"Ukaq wilawa.","Esa es una vela."
"May wallmichuña","Una muchachita"
"Utap apki","Carga su casa y"
"T"”akip” nurki.","Hace su camino."
"Ukaq naktawa.","Ese es caracol baboso."
"buyaykiri","verbo"
"Wasa","Caminar"
"MUJCHAT"" WASATNA","Caminemos despacio"
"JiRKASA, URSHKIwA","Ya se hace tarde, vámonos ya"
"jira","ir"
"UPAQ QULLQAT""KASW UJTQ""KI","Él regresa ya de Colca."
"Ujtq""a","Regresar"
"¡JALLUW PURIWI!","¡Llegó la lluvia!"
"UTARKAS JALURMA","Entra a la casa ya"
"jaluru","entrar"
"Arisht'a","Diálogo"
"Tu, Karlu, ¿qawas mawta?","Carlos, ¿a dónde te fuiste?"
"Pa, Lucy, machriw mawt""a","Lucy, fui a regar"
"¿Umamwantxi?","¿Era tu turno de riego?
"Jawill, pa","Sí, pues"
"Pa, apsaq naw ch'illtriw makt""a","Mañana voy a partir la leña"
"Nawaw tukshuwi","La leña se acabó"
"Arisht'a","Conversación"
"Jawilsha, Karlu; Kant ujranh machnushunhtakiw narq atx"ir makt""a","Sí pues, Carlos; voy a limpiar la acequia para regar mi maíz kanta"
"Sha, Altu, ¿ayk yapniwta?","Aldo, ¿cuántas chacras tienes?"
"Pichqaw yapunhq sha. ¿Jumanqa?","Yo tengo cinco chacras. ¿Y cuántas tuyas?"
"Nan sujtaw yapunhq sha","Yo tengo seis chacras"
"Amruchatxi","¿Cómo estás?"
"Amruchawa","Estoy bien"
"¿Quwas shutxma?","¿Cuál es tu nombre?"
"Shutxinq Neliwa","Mi nombre es Neli"
"¿Ayk watniwtasa?","¿Cuántos años tienes?"
"Cxunka pusaq watniwt""wa","Tengo dieciocho años"
"¿Qawas makta?","¿A dónde vas?"
"Ujar imriw makt""a","Voy a sembrar maíz"
"Jilatxi","Gracias"
"jatxaya","cocinar"
"qama","lavar"
"irpa","llevar"
"apa","cargar"
"ach'qi","tostar"
"saja","tejer"
"ch'ipi","pelar"
"ch'iki","moler"
"Sha, pa amruchatxi, jaqar yatxitna","Como se dice en Jaqaru"
"ishapa","escuchar"
"jatza","llorar"
"jajnatza","bajar"
"jaychishi","pelear"
"umt'a","beber"
"p""uyu","soplar"
"wala","correr"
"ala","comprar"
"illtata","despertar"
"Amruchatxi, kuskach Jaqar yatxitna","Cómo están, aprendamos juntos Jaqaru"
"Qamishas jaqarn saktna...","Como se dice en Jaqaru..."
"naw ch'illti","cortar leña"
"pap ch'illi","pelar papa"
"laranj ch'ipi","pelar naranja"
"tunq ach'qi","tostar maíz"
"washp ima","sembrar frejol"
"jawash macha","regar habas"
"yap t""ara","arar la chacra"
"ujar jaymi","desgranar maíz"
"uta","casa"
"utnha","mi casa"
"utma","tu casa"
"utp""a","su casa"
"utsa","nuestra casa"
"kacxa","manta"
"kacxnha","mi manta"
"kacxma","tu manta"
"su manta","kacxp""a"
"kacxsa","nuestra manta"
"irpki","le lleva"
"irpktma","te lleva"
"irpkutu","me lleva"
"irpktima","te llevo"
"irpkt""a","le llevo"
"irpkuta","me llevas"
"irpkushta","nos llevas"
"irpkta","le llevas"
"irpktna","le llevamos"
"Tu, ña amruchatxi, jaqar yatxitna","Hola, cómo están, aprendamos Jaqaru"
"shutxintzt'a","los pronombres"
"na","yo"
"juma","tú"
"upa","él"
"upa","ella"
"jiwsa","nosotros (incluyente)"
"jiwsa","nosotras (incluyente)"
"nakuna","nosotros (incluyente)"
"nakuna","nosotras (incluyente)"
"jumkuna","ustedes"
"upkuna","ellos"
"upkuna","ellas"
"jiwskuna","nosotros"
"jiwskuna","nosotras"
"Wallmichkuna, lluqallkuna, amruchatxi, jaqar yatxma","Muchachas y muchachos, cómo están, aprendan Jaqaru"
"jaqarn satna","digamos en Jaqaru"
"na t'ant' alkt""a","yo compro pan"
"juma wakch alishkta","tú vender la oveja"
"upa ut pirqki","él construye casa"
"jiwsa qal wantktna","nosotros cargamos las piedras"
"nakuna wak awatkt""a","nosotros pastoreamos vacas"
"jumkuna narq ach'kta","ustedes limpian la acequia"
"Sha, pa, ¿amruchatxi? Jaqar yatxitna","Hola, ¿cómo estás? Aprendo Jaqaru"
"qamish sipas arpayki","como enamora a las señoritas"
"muna","querer"
"llutap"" munkima","te quiero mucho"
"k'umtxa","amar"
"k'umtxa","querer"
"k'umtxikimawa","te amo"
"k'umtxikimawa","te quiero"
"mucht'a","besar"
"mucht' munkima","quiero besarte"
"wallqurpta","abrazar"
"wallqurpt munkima","te quiero abrazar"
"jay irpkima","te llevo lejos"
"ut""nuqu","convivir (pareja)"
"ut""nuqu","sentarse"
"pans ut""nuqutankasa","convivamos los dos ya"
"amuru","bueno"
"amuru","buena"
"jaski","fácil"
"janq'u","blanco"
"janq'u","blanca"
"atxara","viejo"
"atxara","vieja"
"atz'iki","frío"
"ujtxitxa","pequeño"
"ujtxitxa","pequeña"
"laqa","malo"
"laqa","mala"
"yacx""i","duro"
"machaqa","nuevo"
"machaqa","nueva"
"juncx'u","caliente"
"ajtz'a","grande"
"ujtxitx uta","casa pequeña"
"ajtz' uta","casa grande"
"jask t""ara","arada fácil"
"yacx"" t""ara","arada dura"
"janq' wakcha","oveja blanca"
"tz'irar wakcha","oveja negra"
"atxar ishi","frazada vieja"
"machaq ishi","frazada nueva"
"atz'ik uma","agua fría"
"juncx' uma","agua caliente"
"amur qaylla","niño bueno"
"laq qaylla","niño malo"
"maya","uno"
"paja","dos"
"kimsa","tres"
"pushi","cuatro"
"pichqa","cinco"
"sujta","seis"
"qancxisi","siete"
"pusaqa","ocho"
"isquña","nueve"
"cxunka","diez"
"once","cxunka mayani"
"doce","cxunka paja"
"trece","cxunka kimsani"
"catorce","cxunka pushini"
"quince","cxunka pichqani"
"dieciseis","cxunka sujtani"
"diecisiete","cxunka qancxisini"
"dieciocho","cxunka pusaqani"
"diecinueve","cxunka ishquñani"
"veinte","paj cxunka"
"jira","vamos a"
"jir paliri","vamos a comer"
"jir nuriri","vamos a trabajar o hacer"
"jir jayriri","vamos a bailar"
"jir jaylltiri","vamos a jugar"
"jir qillqt'iri","vamos a leer"
"jir qamiri","vamos a lavar"
"jir wasiri","vamos a caminar o pasear"
"jir waliri","vamos a correr"
"jir illiri","vamos a mirar"
"qanqshu","amanecer"
"armanta","temprano"
"uru","día"
"urshu","hacerse tarde"
"ch'ama","oscuro, oscuridad"
"aruma","noche"
"patza","tiempo, mundo, cielo..."
"jallu","lluvia"
"juncx'u","calor"
"qasipi","hielo"
"urpi","neblina"
"junk'a","sombra"
"q'alla","desnudo"
"q'aja","quebrada"
"q'awi","erosionar"
"q'iña","turbio"
"q'iña","turbia"
"q'utxu","hombro"
"q'urawa","intestino"
"q'ullitxi","bola"
"q'ullitxi","esfera"
"k'ana","trenza"
"k'aya","ácido"
"k'aya","ácida"
"k'ichi","pellizcar"
"k'ucxi","pulga"
"k'uñu","cántaro"
"nayra","ojo"
"nasa","nariz"
"jinchu","oreja"
"shimi","boca"
"nuk'uta","cabello"
"najra","lengua"
"namp'a","cabeza"
"pajcxa","frente"
"qajlla","cara"
"shipimpi","quijada"
"kunka","cuello"
"shim tz'aka","diente"
"tz'aka (pecho)","q'utxu (hombro)"
"chajra","camilla"
"chajra","escalera"
"chaki","buscar"
"challa","salpicar"
"chaaka","puente"
"chaaki","seco; secar"
"chikata","ensartar"
"chiqa","verdad"
"chuchart'a","enfriarse"
"chujllu","mazorca de maíz"
"chujllu","choclo"
"ch'alli","romperse"
"ch'alli","reventar"
"ch'amt'a","oscurecer"
"ch'amt'a","anochecer"
"ch'ara","caballo"
"ch'ara","yegua"
"ch'iki","moler"
"ch'ishqi","rebrotar"
"ch'ulla","desigual"
"ch'unchu","florecer"
"ch'unchu","florear"
"ch'uya","limpio"
"ch'uya","limpia"
"ch'uya","puro"
"ch'uya","pura"
"ch'usu","grano menudo de maíz"
"cxaka","hondo"
"cxaka","honda"
"cxana","amarrar"
"cxanra","maíz seco a medio moler"
"cxijcxu","verruga"
"cxilcxi","ponerse grasoso"
"cxilcxi","ponerse grasosa"
"cxumishi","descascararse"
"cxunka","diez"
"cx'apa","caerse"
"cx'aqa","con pintas, de varios colores"
"cx'aqaya","azote"
"cx'aqaya","látigo"
"cx'aqshu","resecarse"
"cx'asa","sentir ardor"
"cx'iqa","izquierdo"
"cx'iqa","izquierda"
"cx'iqaya","tirar con piedra"
"cx'iqaya","disparar"
"cx'iwsi","asustarse"
"cx'uqu","romper (hilo, cuerda, soga)"
"tz'ajma","almohada"
"tz'aka","hueso"
"tz'ama","fuerza"
"tz'ama","energía"
"tz'aqa","gota"
"tz'aqa","gotear"
"tz'ina","trasero"
"tz'ina","ano"
"tz'irara","negro"
"tz'irara","negra"
"tz'iwri","ordeñar"
"tz'iwri","exprimir"
"tz'uku","coser"
"nijra","brazo"
"ampara","mano"
"shunkaypi","codo"
"sama","espalda"
"kururu","ombligo"
"wak'ak"a","cadera"
"chima","vientre"
"p""ucxaka","estómago"
"k'iptza","hígado"
"k'ipexa","hígado"
"mawruru","riñón"
"atz""a","pulmón"
"q'urawa","intestino"
"waka","vaca"
"uña","cría de la vaca"
"sitz'i","vaquillona"
"wakcha","oveja"
"wakchuña","ovejita"
"ch'ara","caballo"
"jallq'u","perro"
"michiku","perro ovejero"
"ashara","perro de raza pequeño"
"mishi","gato"
"wallpa","gallina"
"chiwchuña","pollito"
"urqu","gallo"
"kuchi","chancho"
"pipi","pavo"
"k'uytxu","cuy"
"qawra","llama"
"paqu","alpaca"
"wik'uña","vicuña"
"taraku","venado"
"yank'a","venado"
"Ña, ¿k""uw karmaq quwas illki?","Hola, ¿ese hombre que está viendo?"
"¿Aykap""kam naryimama?","¿Hasta cuándo te espero?"
"¿Jumaq qawas mawtaqa?","¿Tú a dónde te fuiste?"
"Naq qillqanh amurw yatxkt""a.","Yo aprendo bien mi lección."
"Waytaq illkirillkiriw yapunq utki.","Hay diferentes colores de flor en la chacra."
"Ñanqañ wasnaqir mawajt""a.","Fui a caminar en vano."
"Wallmichkunaq wanwanit""w kushukurqayki.","Las chicas están demasiado contentas."
"Antz jaykasw upaq maki.","Él se va ya muy lejos"
"ishk'allpi","vejiga"
"qunquru","rodilla"
"wich'u","canilla"
"kayu","pie"
"shillu","uña"
"kay tapla","planta del pie"
"kay taqli","pie plano"
"kay pampiqi","empeine"
"kay japi","pantorrilla"
"p""illiru","tobillo"
"wincxa","pañuelo rojo oscuro"
"jinchwayra","arete"
"p""itx""u","topo"
"p""itx"" chillu","trenza delgada"
"piñi","monedas de plata"
"urku","anaco"
"kutuna","prenda de color negro"
"wak'a","faja"
"qumpishi","marate"
"q'aqnushu","huaraca"
"k'ana","trenza para el cabello"
"pilluta","pompón multiples colores"
"shuki","calzado de cuero de vaca"
"¿Qamshachawktasa?","¿Cómo estás?"
"Kushukkt""wa","Estoy alegre"
"Ñakkt""wa","Estoy triste"
"P""iñkt""wa","Estoy enojado"
"P""iñkt""wa","Estoy enojada"
"Jatzkt""wa","Estoy llorando"
"Uskt""wa","Estoy enfermo"
"Shaykuskt""wa","Estoy cansado"
"Shaykuskt""wa","Estoy cansada"
"Amruwkt""wa","Estoy bien"
"Usut"" yatxitna","aprendamos de enfermedad"
"usu","enfermedad"
"atz'ik usu","gripe"
"uqu","tos"
"namp' usu","dolor de cabeza"
"shim k'ama","dolor de muela"
"shim ñaqu","diente"
"shim ñaqu","muela cariada"
"tx'utxmaya","escalofrío"
"mawllu","espinillas"
"tz'ak usu","dolor de hueso"
"tz'ak usu","osteoporosis"
"Jaqarn art'atna","Digamos en Jaqaru"
"shumañ umaq ayllptawkaswa","el té de shumaña ya está hervido"
"naq alriw mawt""a","yo fui a comprar"
"utarkasw puriwt""a","ya llegué a casa"
"¿quwas palnushtakiq utki?","¿qué hay para comer?"
"llutap"" juncx'ki","hace mucho calor"
"nurnushunhw utki","tengo que trabajar"
"utaq shumyawkiwa","la casa esta bonita"
"walanw purt""apawt""a","llegué a tiempo"
"urcxaqkaswa","ya es tarde"
"Jaqarn sanushu","Oraciones en Jaqaru"
"kakaq yapw t""arki","el tío ara la chacra"
"amninh chawchw junki","mi tía cosecha chaucha"
"chawchw","papa pequeña"
"chik qullq walarpayanha","voy a dar un paseo por colca"
"yapunkiw at""aqa","la semilla están en la chacra."
"wakanh awtiriw makt""a","voy a pastorear mi vaca"
"mayut""w wakanh umap"" umki","mi vaca bebe el agua del río"
"imatkunaq machnushtak amurkaswa","los cultivos ya están bien para regar"
"apsaq wakanhw mamanhshq awtir makt""a","mañana voy a pastorear mi vaca con mi mama"
"atquq wakchanhw palshuwata","el zorro había comido a mi oveja"
"ak lluqalluñaq ujarw mushir maki","el niñito va a cuidar el maíz"
"amninh qiqray yapuw machir maki","mi tia va a regar la chacra de kikraya"
"akishuruq tatanh jawashw ñamir maki","hoy dia mi papá va a recoger habas"
"kuntriq Chiwrinw acxamuñanh palshuwata","el condor ha comido a mi ternerita en Chiwri"
"wik'uñ wak'am wak'urma","ponte la faja hecha de vicuña"
"waralla","bonito"
"waralla","bonita"
"waralla","hermoso"
"waralla","hermosa"
"warallaw jakaqa","la vida es hermosa"
"warallaw jakaqa","la vida es bonita"
"Pawl apkaq sakna: warallaw jakaqa.","La abuela Paula decía: la vida es hermosa."
"tx'aqmaya,","tristeza (uso antiguo)"
"tx'aqmaychaw kukriq jakki.","la paloma vive triste nomas."
"paqilla","toda la noche"
"tutaq paqllaw wasawt""a.","ayer camine toda la noche"
"iki","dormir"
"Tu Apshu, ¿quwas"" q""antx""ur q""antx""ur ikkta?","Apshu, ¿por qué duermes todo el día?"
"wayta","flor"
"ch'unchu","flor"
"chujll wis wisa","mazorca mellizo"
"nap""ra","hoja"
"wiru","tallo"
"asu","raiz"
"pap wayta","flor de papa"
"wishallanq'u","baya"
"papa","papa"
"urq jatsachw sayptkt""a.","me levanto con el canto del gallo."
"matxir int purkipn utanh pijchshkt""a.","barro mi casa antes que salga el sol."
"armantachw uyuwkunanh ushpaykt""a.","alimento a mis animales muy temprano."
"waytkun ujarkunw machkt""a.","riego las flores y los maizales."
"wallkach mujsw k'ilir makt""a.","voy a recoger un poco de fruta de los árboles."
"wakchap""w wallmichuñaq awtir maki.","la niñita lleva a pastorear su oveja."
"naq t""ak ijrnaw jaqiwshq arishkipatx makt""a.","yo voy conversando con la gente por el camino."
"Akaq tukuwa. Jinchp"" mishna millkiriwa.","Este es el búho. Sus orejas son como del gato"
"Akaq lichuzawa. nayr qalaw illkushtu.","Esta es la lechuza. Nos mira con ojos grandes"
"Akaq qaqchuwa. mun munw chujll palki.","Este es el loro. Le encanta comer choclo."
"Akaq txuyuwa. Upaq jawashw palki.","Este es el canario. Él come habas"
"Akaq txurtxuwa. Utamr jalrupanqa, jayat"" jaqimn purmatma","Esta es la tórtola. Si entra a tu casa, personas lejanas te visitarán"
"Akaq cx""uqyawa. nanq' nurit"" ñaq' t""ajush palki.","Este es el zorzal. Come gusanos buscando dentro de la tierra"
"¿Amruchatxi?","¿Cómo estás?"
"Amruchawa, ¿qachiwta?, ¿quwas shutximqa?","Yo estoy bien, ¿quién eres?, ¿cuál es tu nombre?"
"Pajshiw shutxinhqa, ¿jumanqa?","Mi nombre es Luna, ¿y el tuyo?"
"Nán Jusiw shutxinqa.","Mi nombre es Jose"
"Jusi, ¿qawitawtasa?","Jose, ¿de dónde eres?"
"Naq Qullqat"" jaqiwt""wa, ¿jumaqa?","Yo soy de Colca, ¿y tú?"
"Naq Ayshat""a.","Yo soy de Aiza"
"¿Pajshi, Qullqtx ujtawta?","¿Luna, viniste a Colca?"
"Jawilli, Jusi.","Si, Jose"
"Ña, Alija, ¿ayk watniwta?","Aleja, ¿cuántos años tienes?"
"Ña, naq pichq cxunka pajan watniwt""wa. ¿Jumaqa?","Yo tengo cincuenta y dos años. ¿Tú?"
"Naq push cxunka pichqan watniwt""wa.","Yo tengo cuarenta y cinco años."
"Ña, Alicha, uk""amkasa.","Asi ya, Alicia."
"Jawill, ña.","Si, pues."